Plate_Barcode,Well_Position,Batch_Id,Concentration_mg_mL,Concentration_ug_mL,Concentration_mM,Concentration_uM,Volume_uL,Volume_nL,Solvent,Formula_Weight,Molecular_Weight
S-B-REPO1_2025-008-1,A01,,,,,,0.0,0,,,
S-B-REPO1_2025-008-1,A02,,,,,,0.04,40,DMSO,,
S-B-REPO1_2025-008-1,A03,BRD-A10977446-001-12-1,4.064742,4064.742,10.0,10000.0,0.04,40,DMSO,406.4742,406.18925733
S-B-REPO1_2025-008-1,A04,BRD-A86414188-003-01-5,3.37841,3378.41,10.0,10000.0,0.04,40,DMSO,337.841,301.167793607
S-B-REPO1_2025-008-1,A05,BRD-A04327189-001-16-9,1.67205,1672.05,10.0,10000.0,0.04,40,DMSO,167.205,167.094628665
S-B-REPO1_2025-008-1,A06,BRD-K65716359-001-04-7,2.782143,2782.143,10.0,10000.0,0.04,40,DMSO,278.2143,278.042652674
S-B-REPO1_2025-008-1,A07,BRD-K20079257-001-12-9,2.381935,2381.935,10.0,10000.0,0.04,40,DMSO,238.1935,238.066617308
S-B-REPO1_2025-008-1,A08,BRD-K23566484-001-16-9,3.172207,3172.207,10.0,10000.0,0.04,40,DMSO,317.2207,317.062340438
S-B-REPO1_2025-008-1,A09,BRD-K30373883-001-03-9,5.285297,5285.297,10.0,10000.0,0.04,40,DMSO,528.5297,528.221147444
S-B-REPO1_2025-008-1,A10,BRD-K74664543-001-02-9,1.9611,1961.1,10.0,10000.0,0.04,40,DMSO,196.11,196.995500429
S-B-REPO1_2025-008-1,A11,BRD-A90547603-001-02-5,8.31962,8319.62,10.0,10000.0,0.04,40,DMSO,831.962,831.315613601
S-B-REPO1_2025-008-1,A12,BRD-K82255054-001-17-5,1.782707,1782.707,10.0,10000.0,0.04,40,DMSO,178.2707,178.135765198
S-B-REPO1_2025-008-1,A13,BRD-K01826479-001-03-9,3.613675,3613.675,10.0,10000.0,0.04,40,DMSO,361.3675,361.143784348
S-B-REPO1_2025-008-1,A14,BRD-K06152156-001-03-9,1.64966,1649.66,10.0,10000.0,0.04,40,DMSO,164.966,163.960726574
S-B-REPO1_2025-008-1,A15,BRD-K62737565-001-14-9,1.712368,1712.368,10.0,10000.0,0.04,40,DMSO,171.2368,171.125928793
S-B-REPO1_2025-008-1,A16,BRD-K58513245-001-04-9,2.350695,2350.695,10.0,10000.0,0.04,40,DMSO,235.0695,235.001074735
S-B-REPO1_2025-008-1,A17,BRD-K07857022-002-02-9,4.425479,4425.479,10.0,10000.0,0.04,40,DMSO,442.5479,424.236207522
S-B-REPO1_2025-008-1,A18,BRD-A17407635-001-05-9,5.21042,5210.42,10.0,10000.0,0.04,40,DMSO,521.042,520.222781245
S-B-REPO1_2025-008-1,A19,BRD-K26404903-001-01-5,2.40297,2402.97,10.0,10000.0,0.04,40,DMSO,240.297,240.115029756
S-B-REPO1_2025-008-1,A20,BRD-K86003836-001-13-9,3.132832,3132.832,10.0,10000.0,0.04,40,DMSO,313.2832,313.08626947
S-B-REPO1_2025-008-1,A21,BRD-A84020532-001-08-9,2.87292,2872.92,10.0,10000.0,0.04,40,DMSO,287.292,287.057591231
S-B-REPO1_2025-008-1,A22,BRD-K97863768-001-24-9,1.8027,1802.7,10.0,10000.0,0.04,40,DMSO,180.27,180.072119084
S-B-REPO1_2025-008-1,A23,,,,,,0.0,0,,,
S-B-REPO1_2025-008-1,A24,,,,,,0.04,40,DMSO,,
S-B-REPO1_2025-008-1,B01,,,,,,0.0,0,,,
S-B-REPO1_2025-008-1,B02,,,,,,0.04,40,DMSO,,
S-B-REPO1_2025-008-1,B03,BRD-K01825595-001-03-9,2.203107,2203.107,10.0,10000.0,0.04,40,DMSO,220.3107,220.157563272
S-B-REPO1_2025-008-1,B04,BRD-K01824969-001-02-9,3.845085,3845.085,10.0,10000.0,0.04,40,DMSO,384.5085,384.230059512
S-B-REPO1_2025-008-1,B05,BRD-K10314788-003-13-9,2.94174,2941.74,10.0,10000.0,0.04,40,DMSO,294.174,257.08187109
S-B-REPO1_2025-008-1,B06,BRD-A88254928-001-07-9,2.393107,2393.107,10.0,10000.0,0.04,40,DMSO,239.3107,239.152143543
S-B-REPO1_2025-008-1,B07,BRD-K13112821-001-19-9,2.823322,2823.322,10.0,10000.0,0.04,40,DMSO,282.3322,282.146723814
S-B-REPO1_2025-008-1,B08,BRD-A95869247-001-29-9,3.65835,3658.35,10.0,10000.0,0.04,40,DMSO,365.835,365.06008979
S-B-REPO1_2025-008-1,B09,BRD-K01826729-003-06-9,2.39741,2397.41,10.0,10000.0,0.04,40,DMSO,239.741,239.10769191
S-B-REPO1_2025-008-1,B10,BRD-K57371763-001-01-7,10.58039,10580.39,10.0,10000.0,0.04,40,DMSO,1058.039,1056.425220978
S-B-REPO1_2025-008-1,B11,BRD-K14395568-001-18-9,3.082932,3082.932,10.0,10000.0,0.04,40,DMSO,308.2932,308.12330303
S-B-REPO1_2025-008-1,B12,BRD-A00578795-001-04-3,2.98356,2983.56,10.0,10000.0,0.04,40,DMSO,298.356,298.066365004
S-B-REPO1_2025-008-1,B13,BRD-K62607865-001-11-9,4.35433,4354.33,10.0,10000.0,0.04,40,DMSO,435.433,435.051853925
S-B-REPO1_2025-008-1,B14,BRD-A23712469-001-08-7,14.22693,14226.93,10.0,10000.0,0.04,40,DMSO,1422.693,1421.748941023
S-B-REPO1_2025-008-1,B15,BRD-K51474575-001-17-9,1.25147,1251.47,10.0,10000.0,0.04,40,DMSO,125.147,125.014663785
S-B-REPO1_2025-008-1,B16,BRD-K84783599-001-02-9,4.224157,4224.157,10.0,10000.0,0.04,40,DMSO,422.4157,422.161500097
S-B-REPO1_2025-008-1,B17,BRD-K76609936-001-09-9,2.55661,2556.61,10.0,10000.0,0.04,40,DMSO,255.661,255.052302296
S-B-REPO1_2025-008-1,B18,BRD-K40787673-001-07-9,3.443124,3443.124,10.0,10000.0,0.04,40,DMSO,344.3124,344.13186161
S-B-REPO1_2025-008-1,B19,BRD-K60640630-001-10-2,5.21429,5214.29,10.0,10000.0,0.04,40,DMSO,521.429,520.141944106
S-B-REPO1_2025-008-1,B20,BRD-K28029915-001-02-2,3.243737,3243.737,10.0,10000.0,0.04,40,DMSO,324.3737,324.147392516
S-B-REPO1_2025-008-1,B21,BRD-K82147103-001-06-9,4.18958,4189.58,10.0,10000.0,0.04,40,DMSO,418.958,418.181191203
S-B-REPO1_2025-008-1,B22,BRD-K57291914-003-09-4,2.07661,2076.61,10.0,10000.0,0.04,40,DMSO,207.661,171.112010063
S-B-REPO1_2025-008-1,B23,,,,,,0.0,0,,,
S-B-REPO1_2025-008-1,B24,,,,,,0.04,40,DMSO,,
S-B-REPO1_2025-008-1,C01,,,,,,0.0,0,,,
S-B-REPO1_2025-008-1,C02,,,,,,0.04,40,DMSO,,
S-B-REPO1_2025-008-1,C03,BRD-K19972289-001-01-4,2.903972,2903.972,10.0,10000.0,0.04,40,DMSO,290.3972,290.188194698
S-B-REPO1_2025-008-1,C04,BRD-K00003178-003-01-9,4.13821,4138.21,10.0,10000.0,0.04,40,DMSO,413.821,377.13511145
S-B-REPO1_2025-008-1,C05,BRD-K52172416-001-17-9,2.933663,2933.663,10.0,10000.0,0.04,40,DMSO,293.3663,293.164045633
S-B-REPO1_2025-008-1,C06,BRD-K54496168-001-03-9,2.64325,2643.25,10.0,10000.0,0.04,40,DMSO,264.325,264.147392512
S-B-REPO1_2025-008-1,C07,BRD-M80207679-001-01-5,3.87903,3879.03,10.0,10000.0,0.04,40,DMSO,387.903,387.171354798
S-B-REPO1_2025-008-1,C08,BRD-K72166146-066-07-9,6.79783,6797.83,10.0,10000.0,0.04,40,DMSO,679.783,583.279469319
S-B-REPO1_2025-008-1,C09,BRD-K29582115-001-04-9,4.12936,4129.36,10.0,10000.0,0.04,40,DMSO,412.936,412.112459711
S-B-REPO1_2025-008-1,C10,BRD-K43887077-003-27-1,1.89639,1896.39,10.0,10000.0,0.04,40,DMSO,189.639,153.078978601
S-B-REPO1_2025-008-1,C11,BRD-A22844106-001-26-0,3.37374,3373.74,10.0,10000.0,0.04,40,DMSO,337.374,337.019097235
S-B-REPO1_2025-008-1,C12,BRD-K64414150-001-01-7,2.323214,2323.214,10.0,10000.0,0.04,40,DMSO,232.3214,232.157563272
S-B-REPO1_2025-008-1,C13,BRD-K15426076-001-01-2,3.74368,3743.68,10.0,10000.0,0.04,40,DMSO,374.368,374.05725688
S-B-REPO1_2025-008-1,C14,BRD-K74195153-050-14-9,3.72164,3721.64,10.0,10000.0,0.04,40,DMSO,372.164,255.007850663
S-B-REPO1_2025-008-1,C15,BRD-K58734774-236-02-2,4.793336,4793.336,10.0,10000.0,0.04,40,DMSO,479.3336,456.104614802
S-B-REPO1_2025-008-1,C16,BRD-K13238168-001-03-9,3.61391,3613.91,10.0,10000.0,0.04,40,DMSO,361.391,359.837241291
S-B-REPO1_2025-008-1,C17,BRD-K55696337-003-25-1,4.57907,4579.07,10.0,10000.0,0.04,40,DMSO,457.907,421.163770861
S-B-REPO1_2025-008-1,C18,BRD-K12765235-304-04-9,5.707566,5707.566,10.0,10000.0,0.04,40,DMSO,570.7566,570.355653954
S-B-REPO1_2025-008-1,C19,BRD-K43880410-001-14-4,3.164776,3164.776,10.0,10000.0,0.04,40,DMSO,316.4776,316.240230268
S-B-REPO1_2025-008-1,C20,BRD-K21123171-001-03-9,2.693831,2693.831,10.0,10000.0,0.04,40,DMSO,269.3831,269.210327123
S-B-REPO1_2025-008-1,C21,BRD-K09963420-066-13-9,7.66946,7669.46,10.0,10000.0,0.04,40,DMSO,766.946,670.38426874
S-B-REPO1_2025-008-1,C22,BRD-K09090523-001-06-9,3.36403,3364.03,10.0,10000.0,0.04,40,DMSO,336.403,336.10314444
S-B-REPO1_2025-008-1,C23,,,,,,0.0,0,,,
S-B-REPO1_2025-008-1,C24,,,,,,0.04,40,DMSO,,
S-B-REPO1_2025-008-1,D01,,,,,,0.0,0,,,
S-B-REPO1_2025-008-1,D02,,,,,,0.04,40,DMSO,,
S-B-REPO1_2025-008-1,D03,BRD-A41519720-001-04-8,4.094252,4094.252,10.0,10000.0,0.04,40,DMSO,409.4252,409.148949953
S-B-REPO1_2025-008-1,D04,BRD-K42898655-001-02-9,10.30303,10303.03,10.0,10000.0,0.04,40,DMSO,1030.303,1029.602485725
S-B-REPO1_2025-008-1,D05,BRD-K00003607-003-01-9,3.153702,3153.702,10.0,10000.0,0.04,40,DMSO,315.3702,315.169524941
S-B-REPO1_2025-008-1,D06,BRD-K51431759-001-03-9,1.801559,1801.559,10.0,10000.0,0.04,40,DMSO,180.1559,180.063388116
S-B-REPO1_2025-008-1,D07,BRD-K79092138-001-13-9,1.981362,1981.362,10.0,10000.0,0.04,40,DMSO,198.1362,198.0389047
S-B-REPO1_2025-008-1,D08,BRD-K84658672-001-04-8,3.174226,3174.226,10.0,10000.0,0.04,40,DMSO,317.4226,317.199093735
S-B-REPO1_2025-008-1,D09,BRD-K00004287-003-01-9,2.46348,2463.48,10.0,10000.0,0.04,40,DMSO,246.348,246.173213336
S-B-REPO1_2025-008-1,D10,BRD-K61236135-001-08-2,6.219323,6219.323,10.0,10000.0,0.04,40,DMSO,621.9323,621.763489036
S-B-REPO1_2025-008-1,D11,BRD-A83937277-001-12-9,2.182518,2182.518,10.0,10000.0,0.04,40,DMSO,218.2518,218.105527702
S-B-REPO1_2025-008-1,D12,BRD-K10667240-001-01-7,4.111875,4111.875079,9.943282,9943.281623,0.04,40,DMSO,413.533,413.177312435
S-B-REPO1_2025-008-1,D13,BRD-K18423410-003-04-9,2.3674,2367.4,10.0,10000.0,0.04,40,DMSO,236.74,200.131348522
S-B-REPO1_2025-008-1,D14,BRD-K12955147-001-01-8,3.924611,3924.611,10.0,10000.0,0.04,40,DMSO,392.4611,392.199902243
S-B-REPO1_2025-008-1,D15,BRD-K26807903-001-06-9,2.00579,2005.79,10.0,10000.0,0.04,40,DMSO,200.579,199.998869743
S-B-REPO1_2025-008-1,D16,BRD-K89237706-003-03-4,4.49881,4498.81,10.0,10000.0,0.04,40,DMSO,449.881,413.147452095
S-B-REPO1_2025-008-1,D17,BRD-K55991142-001-02-9,3.073895,3073.895,10.0,10000.0,0.04,40,DMSO,307.3895,307.168462309
S-B-REPO1_2025-008-1,D18,BRD-K53517854-050-22-9,4.344068,4344.068,10.0,10000.0,0.04,40,DMSO,434.4068,318.155512541
S-B-REPO1_2025-008-1,D19,BRD-K59256312-066-21-9,4.17477,4174.77,10.0,10000.0,0.04,40,DMSO,417.477,321.168856239
S-B-REPO1_2025-008-1,D20,BRD-K14705039-236-19-9,2.79314,2793.14,10.0,10000.0,0.04,40,DMSO,279.314,255.013617927
S-B-REPO1_2025-008-1,D21,BRD-K25029121-001-07-9,3.15582,3155.82,10.0,10000.0,0.04,40,DMSO,315.582,313.978046041
S-B-REPO1_2025-008-1,D22,BRD-K38704569-001-18-9,4.04927,4049.27,10.0,10000.0,0.04,40,DMSO,404.927,404.175437123
S-B-REPO1_2025-008-1,D23,,,,,,0.0,0,,,
S-B-REPO1_2025-008-1,D24,,,,,,0.04,40,DMSO,,
S-B-REPO1_2025-008-1,E01,,,,,,0.0,0,,,
S-B-REPO1_2025-008-1,E02,,,,,,0.04,40,DMSO,,
S-B-REPO1_2025-008-1,E03,BRD-K83257731-003-25-9,3.26264,3262.64,10.0,10000.0,0.04,40,DMSO,326.264,289.134575362
S-B-REPO1_2025-008-1,E04,BRD-K03406345-001-31-9,2.442047,2442.047,10.0,10000.0,0.04,40,DMSO,244.2047,244.080769514
S-B-REPO1_2025-008-1,E05,BRD-K32318651-001-35-9,2.252046,2252.046,10.0,10000.0,0.04,40,DMSO,225.2046,225.086189243
S-B-REPO1_2025-008-1,E06,BRD-K64862097-001-20-9,3.764617,3764.617,10.0,10000.0,0.04,40,DMSO,376.4617,376.204987621
S-B-REPO1_2025-008-1,E07,BRD-A92262698-001-02-5,2.02635,2026.35,10.0,10000.0,0.04,40,DMSO,202.635,202.039671925
S-B-REPO1_2025-008-1,E08,BRD-K81855038-003-15-9,3.84898,3848.98,10.0,10000.0,0.04,40,DMSO,384.898,348.204907394
S-B-REPO1_2025-008-1,E09,BRD-K19388745-003-01-7,5.46093,5460.93,10.0,10000.0,0.04,40,DMSO,546.093,509.298867357
S-B-REPO1_2025-008-1,E10,BRD-K73381542-003-24-2,2.03666,2036.66,10.0,10000.0,0.04,40,DMSO,203.666,167.094628665
S-B-REPO1_2025-008-1,E11,BRD-K32830106-001-02-6,2.46093,2460.93,10.0,10000.0,0.04,40,DMSO,246.093,245.012267339
S-B-REPO1_2025-008-1,E12,BRD-K69469734-003-02-5,4.28972,4289.72,10.0,10000.0,0.04,40,DMSO,428.972,392.222568831
S-B-REPO1_2025-008-1,E13,BRD-K73157543-001-04-1,2.292313,2292.313,10.0,10000.0,0.04,40,DMSO,229.2313,229.073893223
S-B-REPO1_2025-008-1,E14,BRD-K01825692-236-02-9,4.933833,4933.833,10.0,10000.0,0.04,40,DMSO,493.3833,469.136249281
S-B-REPO1_2025-008-1,E15,BRD-K99621550-300-01-8,6.82653,6826.53,10.0,10000.0,0.04,40,DMSO,682.653,609.296462054
S-B-REPO1_2025-008-1,E16,BRD-K74339692-001-04-9,4.08512,4085.12,10.0,10000.0,0.04,40,DMSO,408.512,408.171892706
S-B-REPO1_2025-008-1,E17,BRD-K07220430-001-20-9,3.685139,3685.139,10.0,10000.0,0.04,40,DMSO,368.5139,368.225248906
S-B-REPO1_2025-008-1,E18,BRD-K78789465-001-03-9,7.67891,7678.91,10.0,10000.0,0.04,40,DMSO,767.891,767.331246891
S-B-REPO1_2025-008-1,E19,BRD-A88138582-001-04-8,4.54959,4549.59,10.0,10000.0,0.04,40,DMSO,454.959,454.192230046
S-B-REPO1_2025-008-1,E20,BRD-K57222227-001-40-9,3.57788,3577.88,10.0,10000.0,0.04,40,DMSO,357.788,357.076785712
S-B-REPO1_2025-008-1,E21,BRD-A46335897-003-27-8,3.208736,3208.735818,9.9998,9999.799982,0.04,40,DMSO,320.88,284.13471934
S-B-REPO1_2025-008-1,E22,BRD-A16350940-001-01-9,8.991142,8991.142,10.0,10000.0,0.04,40,DMSO,899.1142,898.507857076
S-B-REPO1_2025-008-1,E23,,,,,,0.0,0,,,
S-B-REPO1_2025-008-1,E24,,,,,,0.04,40,DMSO,,
S-B-REPO1_2025-008-1,F01,,,,,,0.0,0,,,
S-B-REPO1_2025-008-1,F02,,,,,,0.04,40,DMSO,,
S-B-REPO1_2025-008-1,F03,BRD-K48617017-003-14-9,3.60901,3609.01,10.0,10000.0,0.04,40,DMSO,360.901,324.02721908
S-B-REPO1_2025-008-1,F04,BRD-A45538101-001-01-9,5.00571,5005.71,10.0,10000.0,0.04,40,DMSO,500.571,500.184429407
S-B-REPO1_2025-008-1,F05,BRD-K44442813-001-13-9,2.44268,2442.68,10.0,10000.0,0.04,40,DMSO,244.268,244.051777572
S-B-REPO1_2025-008-1,F06,BRD-K64994968-001-32-5,3.144617,3144.617,10.0,10000.0,0.04,40,DMSO,314.4617,314.224580204
S-B-REPO1_2025-008-1,F07,BRD-K99107520-001-29-9,2.382399,2382.399,10.0,10000.0,0.04,40,DMSO,238.2399,238.095356946
S-B-REPO1_2025-008-1,F08,BRD-K01824973-237-02-9,4.28567,4285.67,10.0,10000.0,0.04,40,DMSO,428.567,428.10463379
S-B-REPO1_2025-008-1,F09,BRD-K03319035-003-18-9,2.774033,2774.033,10.0,10000.0,0.04,40,DMSO,277.4033,277.183049741
S-B-REPO1_2025-008-1,F10,BRD-A29426959-050-13-2,4.0686,4068.6,10.0,10000.0,0.04,40,DMSO,406.86,290.118590947
S-B-REPO1_2025-008-1,F11,BRD-K78666826-003-03-9,3.26818,3268.18,10.0,10000.0,0.04,40,DMSO,326.818,290.16304258
S-B-REPO1_2025-008-1,F12,BRD-K73529671-001-04-5,7.426752,7426.752,10.0,10000.0,0.04,40,DMSO,742.6752,742.232029162
S-B-REPO1_2025-008-1,F13,BRD-K51671335-001-13-9,3.41426,3414.26,10.0,10000.0,0.04,40,DMSO,341.426,341.140926929
S-B-REPO1_2025-008-1,F14,BRD-K38140108-002-01-2,5.9167,5916.7,10.0,10000.0,0.04,40,DMSO,591.67,574.102238366
S-B-REPO1_2025-008-1,F15,BRD-K76037122-003-03-9,0.95531,955.31,10.0,10000.0,0.04,40,DMSO,95.531,59.048347175
S-B-REPO1_2025-008-1,F16,BRD-A53952395-003-25-1,2.56772,2567.72,10.0,10000.0,0.04,40,DMSO,256.772,220.157563272
S-B-REPO1_2025-008-1,F17,BRD-K34068325-066-05-9,5.52667,5526.67,10.0,10000.0,0.04,40,DMSO,552.667,456.194359482
S-B-REPO1_2025-008-1,F18,BRD-A07395371-003-10-0,3.31835,3318.35,10.0,10000.0,0.04,40,DMSO,331.835,295.178358293
S-B-REPO1_2025-008-1,F19,BRD-A25492003-003-15-8,5.15341,5153.41,10.0,10000.0,0.04,40,DMSO,515.341,478.114293429
S-B-REPO1_2025-008-1,F20,BRD-A00100033-001-08-9,2.87292,2872.92,10.0,10000.0,0.04,40,DMSO,287.292,287.057591231
S-B-REPO1_2025-008-1,F21,BRD-K06878038-001-20-9,1.391519,1391.519,10.0,10000.0,0.04,40,DMSO,139.1519,139.063328537
S-B-REPO1_2025-008-1,F22,BRD-K23976833-001-01-0,5.005477,5005.477,10.0,10000.0,0.04,40,DMSO,500.5477,500.238573467
S-B-REPO1_2025-008-1,F23,,,,,,0.0,0,,,
S-B-REPO1_2025-008-1,F24,,,,,,0.04,40,DMSO,,
S-B-REPO1_2025-008-1,G01,,,,,,0.0,0,,,
S-B-REPO1_2025-008-1,G02,,,,,,0.04,40,DMSO,,
S-B-REPO1_2025-008-1,G03,BRD-A60197193-001-17-9,3.69479,3694.79,10.0,10000.0,0.04,40,DMSO,369.479,369.172227057
S-B-REPO1_2025-008-1,G04,BRD-K46862739-001-16-9,2.262738,2262.738,10.0,10000.0,0.04,40,DMSO,226.2738,226.11061308
S-B-REPO1_2025-008-1,G05,BRD-K06674495-334-07-9,5.39582,5395.82,10.0,10000.0,0.04,40,DMSO,539.582,347.138224813
S-B-REPO1_2025-008-1,G06,BRD-A03216249-003-24-3,2.82809,2828.09,10.0,10000.0,0.04,40,DMSO,282.809,246.173213336
S-B-REPO1_2025-008-1,G07,BRD-K70507123-001-11-9,2.662533,2662.533,10.0,10000.0,0.04,40,DMSO,266.2533,266.101504956
S-B-REPO1_2025-008-1,G08,BRD-K74236708-001-02-7,2.331836,2331.836,10.0,10000.0,0.04,40,DMSO,233.1836,233.054889115
S-B-REPO1_2025-008-1,G09,BRD-A76533773-001-01-9,2.112145,2112.145,10.0,10000.0,0.04,40,DMSO,211.2145,211.084457909
S-B-REPO1_2025-008-1,G10,BRD-M39350793-334-01-1,5.05602,5056.02,10.0,10000.0,0.04,40,DMSO,505.602,313.167793607
S-B-REPO1_2025-008-1,G11,BRD-K62782754-337-03-3,4.9144,4914.4,10.0,10000.0,0.04,40,DMSO,491.44,392.099024577
S-B-REPO1_2025-008-1,G12,BRD-K50050533-001-05-9,3.266,3266.0,10.0,10000.0,0.04,40,DMSO,326.6,326.354866094
S-B-REPO1_2025-008-1,G13,BRD-K97181463-003-01-1,5.42023,5420.23,10.0,10000.0,0.04,40,DMSO,542.023,505.221285739
S-B-REPO1_2025-008-1,G14,BRD-K09549677-300-09-9,5.68551,5685.51,10.0,10000.0,0.04,40,DMSO,568.551,495.289720302
S-B-REPO1_2025-008-1,G15,BRD-K34388247-236-08-2,4.03405,4034.05,10.0,10000.0,0.04,40,DMSO,403.405,380.104207072
S-B-REPO1_2025-008-1,G16,BRD-K59647213-001-13-9,1.622068,1622.068,10.0,10000.0,0.04,40,DMSO,162.2068,162.113018383
S-B-REPO1_2025-008-1,G17,BRD-K51471001-303-07-9,7.18604,7186.04,10.0,10000.0,0.04,40,DMSO,718.604,556.398856172
S-B-REPO1_2025-008-1,G18,BRD-K61250553-003-29-8,5.13498,5134.98,10.0,10000.0,0.04,40,DMSO,513.498,476.223056017
S-B-REPO1_2025-008-1,G19,BRD-A24514565-001-09-7,3.083279,3083.279,10.0,10000.0,0.04,40,DMSO,308.3279,308.104859
S-B-REPO1_2025-008-1,G20,BRD-K55375480-236-04-9,6.948686,6948.686,10.0,10000.0,0.04,40,DMSO,694.8686,670.429212826
S-B-REPO1_2025-008-1,G21,BRD-A19661776-003-27-6,3.00826,3008.26,10.0,10000.0,0.04,40,DMSO,300.826,264.16264865
S-B-REPO1_2025-008-1,G22,BRD-K56614220-001-24-9,4.73396,4733.96,10.0,10000.0,0.04,40,DMSO,473.396,472.122152138
S-B-REPO1_2025-008-1,G23,,,,,,0.0,0,,,
S-B-REPO1_2025-008-1,G24,,,,,,0.04,40,DMSO,,
S-B-REPO1_2025-008-1,H01,,,,,,0.0,0,,,
S-B-REPO1_2025-008-1,H02,,,,,,0.04,40,DMSO,,
S-B-REPO1_2025-008-1,H03,BRD-K58794715-001-03-4,4.044153,4044.153,10.0,10000.0,0.04,40,DMSO,404.4153,404.13722176
S-B-REPO1_2025-008-1,H04,BRD-K97158071-001-19-9,3.794274,3794.274,10.0,10000.0,0.04,40,DMSO,379.4274,379.169605168
S-B-REPO1_2025-008-1,H05,BRD-K99792991-001-36-9,4.06904,4069.04,10.0,10000.0,0.04,40,DMSO,406.904,403.849895678
S-B-REPO1_2025-008-1,H06,BRD-K18948558-001-01-9,2.60219,2602.19,10.0,10000.0,0.04,40,DMSO,260.219,260.080849741
S-B-REPO1_2025-008-1,H07,BRD-K01826745-050-08-9,2.90788,2907.88,10.0,10000.0,0.04,40,DMSO,290.788,290.118590947
S-B-REPO1_2025-008-1,H08,BRD-K01825594-311-02-9,4.32983,4329.83,10.0,10000.0,0.04,40,DMSO,432.983,432.217970639
S-B-REPO1_2025-008-1,H09,BRD-K00003701-003-01-9,2.7719,2771.9,10.0,10000.0,0.04,40,DMSO,277.19,276.079618622
S-B-REPO1_2025-008-1,H10,BRD-K89055274-048-22-7,4.735586,4735.586,10.0,10000.0,0.04,40,DMSO,473.5586,281.214349869
S-B-REPO1_2025-008-1,H11,BRD-K60663764-236-07-9,4.85489,4854.89,10.0,10000.0,0.04,40,DMSO,485.489,461.136904183
S-B-REPO1_2025-008-1,H12,BRD-K81190290-001-01-3,3.744706,3744.706,10.0,10000.0,0.04,40,DMSO,374.4706,374.20932407
S-B-REPO1_2025-008-1,H13,BRD-K89272869-003-01-8,5.130242,5130.241963,9.999984,9999.984333,0.04,40,DMSO,513.025,476.231122144
S-B-REPO1_2025-008-1,H14,BRD-A18396475-001-19-9,1.340874,1340.874,10.0,10000.0,0.04,40,DMSO,134.0874,134.021523302
S-B-REPO1_2025-008-1,H15,BRD-K00003287-001-01-9,3.58393,3583.93,10.0,10000.0,0.04,40,DMSO,358.393,358.101208027
S-B-REPO1_2025-008-1,H16,BRD-K18250272-003-12-9,3.3085,3308.5,10.0,10000.0,0.04,40,DMSO,330.85,294.194342708
S-B-REPO1_2025-008-1,H17,BRD-K67121414-001-04-9,4.594971,4594.971,10.0,10000.0,0.04,40,DMSO,459.4971,459.190654313
S-B-REPO1_2025-008-1,H18,BRD-K83551379-001-01-8,2.363101,2363.101,10.0,10000.0,0.04,40,DMSO,236.3101,236.152477894
S-B-REPO1_2025-008-1,H19,BRD-A95340155-001-11-9,3.60237,3602.37,10.0,10000.0,0.04,40,DMSO,360.237,358.956802649
S-B-REPO1_2025-008-1,H20,BRD-A43974499-066-02-9,4.094589,4094.589189,9.999094,9999.09447,0.04,40,DMSO,409.496,313.167793607
S-B-REPO1_2025-008-1,H21,BRD-K62040061-001-03-9,3.964579,3964.579,10.0,10000.0,0.04,40,DMSO,396.4579,396.196154269
S-B-REPO1_2025-008-1,H22,BRD-K47878171-086-06-0,4.445421,4445.421,10.0,10000.0,0.04,40,DMSO,444.5421,256.170139331
S-B-REPO1_2025-008-1,H23,,,,,,0.0,0,,,
S-B-REPO1_2025-008-1,H24,,,,,,0.04,40,DMSO,,
S-B-REPO1_2025-008-1,I01,,,,,,0.0,0,,,
S-B-REPO1_2025-008-1,I02,,,,,,0.04,40,DMSO,,
S-B-REPO1_2025-008-1,I03,BRD-K35034482-001-01-8,3.734494,3734.494,10.0,10000.0,0.04,40,DMSO,373.4494,373.211389755
S-B-REPO1_2025-008-1,I04,BRD-K73451719-001-02-9,12.27372,12273.72,10.0,10000.0,0.04,40,DMSO,1227.372,1226.496097158
S-B-REPO1_2025-008-1,I05,BRD-K79116891-003-15-1,3.3085,3308.5,10.0,10000.0,0.04,40,DMSO,330.85,294.194342708
S-B-REPO1_2025-008-1,I06,BRD-A36456202-001-01-3,11.554339,11554.339,10.0,10000.0,0.04,40,DMSO,1155.4339,1154.749927302
S-B-REPO1_2025-008-1,I07,BRD-K96159438-001-06-3,5.014705,5014.705,10.0,10000.0,0.04,40,DMSO,501.4705,501.198849537
S-B-REPO1_2025-008-1,I08,BRD-A23603052-001-03-2,8.229402,8229.402,10.0,10000.0,0.04,40,DMSO,822.9402,822.40512334
S-B-REPO1_2025-008-1,I09,BRD-K88405679-001-04-9,2.863721,2863.721,10.0,10000.0,0.04,40,DMSO,286.3721,286.179361346
S-B-REPO1_2025-008-1,I10,BRD-K71125014-001-31-9,3.10329,3103.29,10.0,10000.0,0.04,40,DMSO,310.329,310.073575646
S-B-REPO1_2025-008-1,I11,BRD-K07283971-001-04-9,4.01457,4014.57,10.0,10000.0,0.04,40,DMSO,401.457,398.879031598
S-B-REPO1_2025-008-1,I12,BRD-K94146583-001-02-9,1.691348,1691.348,10.0,10000.0,0.04,40,DMSO,169.1348,169.037507717
S-B-REPO1_2025-008-1,I13,BRD-A22106989-001-05-0,3.504507,3504.507,10.0,10000.0,0.04,40,DMSO,350.4507,350.188194698
S-B-REPO1_2025-008-1,I14,BRD-K66850609-001-05-8,2.672762,2672.762,10.0,10000.0,0.04,40,DMSO,267.2762,267.131802031
S-B-REPO1_2025-008-1,I15,BRD-K17977438-048-06-9,5.276044,5276.044,10.0,10000.0,0.04,40,DMSO,527.6044,335.246043927
S-B-REPO1_2025-008-1,I16,BRD-A59303141-001-11-9,2.89739,2897.39,10.0,10000.0,0.04,40,DMSO,289.739,289.028789662
S-B-REPO1_2025-008-1,I17,BRD-A38592941-001-02-7,1.33169,1331.69,10.0,10000.0,0.04,40,DMSO,133.169,133.019749163
S-B-REPO1_2025-008-1,I18,BRD-K00003587-001-01-9,2.582292,2582.292,10.0,10000.0,0.04,40,DMSO,258.2292,258.110648921
S-B-REPO1_2025-008-1,I19,BRD-K97028990-001-04-4,3.964794,3964.794,10.0,10000.0,0.04,40,DMSO,396.4794,396.204907394
S-B-REPO1_2025-008-1,I20,BRD-K62676709-065-06-9,2.96387,2963.87,10.0,10000.0,0.04,40,DMSO,296.387,198.184446724
S-B-REPO1_2025-008-1,I21,BRD-A69917777-065-02-2,3.94485,3944.85,10.0,10000.0,0.04,40,DMSO,394.485,296.1888634
S-B-REPO1_2025-008-1,I22,BRD-A44942307-405-01-9,17.64938,17649.38,10.0,10000.0,0.04,40,DMSO,1764.938,1168.765577366
S-B-REPO1_2025-008-1,I23,,,,,,0.0,0,,,
S-B-REPO1_2025-008-1,I24,,,,,,0.04,40,DMSO,,
S-B-REPO1_2025-008-1,J01,,,,,,0.0,0,,,
S-B-REPO1_2025-008-1,J02,,,,,,0.04,40,DMSO,,
S-B-REPO1_2025-008-1,J03,BRD-K34032314-001-05-8,4.765775,4765.775,10.0,10000.0,0.04,40,DMSO,476.5775,476.257417121
S-B-REPO1_2025-008-1,J04,BRD-K13414800-001-03-9,3.954516,3954.516,10.0,10000.0,0.04,40,DMSO,395.4516,395.184506303
S-B-REPO1_2025-008-1,J05,BRD-A17846016-001-14-9,2.502903,2502.903,10.0,10000.0,0.04,40,DMSO,250.2903,250.120509064
S-B-REPO1_2025-008-1,J06,BRD-A67516570-001-02-8,4.31548,4315.48,10.0,10000.0,0.04,40,DMSO,431.548,431.187877121
S-B-REPO1_2025-008-1,J07,BRD-A97739905-001-29-9,2.542806,2542.806,10.0,10000.0,0.04,40,DMSO,254.2806,254.094294314
S-B-REPO1_2025-008-1,J08,BRD-K21152241-001-09-9,2.48301,2483.01,10.0,10000.0,0.04,40,DMSO,248.301,248.061948328
S-B-REPO1_2025-008-1,J09,BRD-K43806473-066-04-9,4.94518,4945.18,10.0,10000.0,0.04,40,DMSO,494.518,398.159019834
S-B-REPO1_2025-008-1,J10,BRD-K14619660-001-01-5,3.104299,3104.299,10.0,10000.0,0.04,40,DMSO,310.4299,310.193280076
S-B-REPO1_2025-008-1,J11,BRD-K74717603-001-03-9,4.35277,4352.77,10.0,10000.0,0.04,40,DMSO,435.277,434.049071779
S-B-REPO1_2025-008-1,J12,BRD-A27084604-057-01-0,4.61513,4615.13,10.0,10000.0,0.04,40,DMSO,461.513,339.169524941
S-B-REPO1_2025-008-1,J13,BRD-K01826568-046-14-9,4.174507,4174.507,10.0,10000.0,0.04,40,DMSO,417.4507,417.199881595
S-B-REPO1_2025-008-1,J14,BRD-K79145628-001-07-9,2.262325,2262.325,10.0,10000.0,0.04,40,DMSO,226.2325,226.106590334
S-B-REPO1_2025-008-1,J15,BRD-K39252998-003-03-9,2.48751,2487.51,10.0,10000.0,0.04,40,DMSO,248.751,212.131348522
S-B-REPO1_2025-008-1,J16,BRD-K81709173-001-10-3,4.54959,4549.59,10.0,10000.0,0.04,40,DMSO,454.959,454.192230046
S-B-REPO1_2025-008-1,J17,BRD-K81144366-003-20-9,3.15836,3158.36,10.0,10000.0,0.04,40,DMSO,315.836,279.183443671
S-B-REPO1_2025-008-1,J18,BRD-K75641298-001-26-9,2.99796,2997.96,10.0,10000.0,0.04,40,DMSO,299.796,299.14005467
S-B-REPO1_2025-008-1,J19,BRD-K68432770-236-24-9,3.72395,3723.95,10.0,10000.0,0.04,40,DMSO,372.395,349.109626801
S-B-REPO1_2025-008-1,J20,BRD-K74763371-001-05-9,5.51614,5516.14,10.0,10000.0,0.04,40,DMSO,551.614,551.183854375
S-B-REPO1_2025-008-1,J21,BRD-A10188456-001-04-9,3.924611,3924.611,10.0,10000.0,0.04,40,DMSO,392.4611,392.199902243
S-B-REPO1_2025-008-1,J22,BRD-A01643550-001-04-9,4.024807,4024.807,10.0,10000.0,0.04,40,DMSO,402.4807,402.204238692
S-B-REPO1_2025-008-1,J23,,,,,,0.0,0,,,
S-B-REPO1_2025-008-1,J24,,,,,,0.04,40,DMSO,,
S-B-REPO1_2025-008-1,K01,,,,,,0.0,0,,,
S-B-REPO1_2025-008-1,K02,,,,,,0.04,40,DMSO,,
S-B-REPO1_2025-008-1,K03,BRD-K92984783-003-07-9,2.99811,2998.11,10.0,10000.0,0.04,40,DMSO,299.811,263.168542536
S-B-REPO1_2025-008-1,K04,BRD-A25143711-001-02-2,4.465763,4465.763,10.0,10000.0,0.04,40,DMSO,446.5763,446.266838948
S-B-REPO1_2025-008-1,K05,BRD-K49807096-003-15-5,4.6095,4609.5,10.0,10000.0,0.04,40,DMSO,460.95,424.199822016
S-B-REPO1_2025-008-1,K06,BRD-K17016787-001-16-7,2.883814,2883.814,10.0,10000.0,0.04,40,DMSO,288.3814,288.172544634
S-B-REPO1_2025-008-1,K07,BRD-A65767837-001-04-4,4.044966,4044.966,10.0,10000.0,0.04,40,DMSO,404.4966,404.219888756
S-B-REPO1_2025-008-1,K08,BRD-K91495480-001-03-9,3.405836,3405.836,10.0,10000.0,0.04,40,DMSO,340.5836,340.334130652
S-B-REPO1_2025-008-1,K09,BRD-K44184170-001-02-9,3.78891,3788.91,10.0,10000.0,0.04,40,DMSO,378.891,378.138657687
S-B-REPO1_2025-008-1,K10,BRD-K24790130-001-07-1,4.706823,4706.823,10.0,10000.0,0.04,40,DMSO,470.6823,470.360739332
S-B-REPO1_2025-008-1,K11,BRD-A50675702-001-08-9,4.37148,4371.48,10.0,10000.0,0.04,40,DMSO,437.148,435.938706104
S-B-REPO1_2025-008-1,K12,BRD-K54698528-001-02-9,1.432267,1432.267,10.0,10000.0,0.04,40,DMSO,143.2267,143.131014171
S-B-REPO1_2025-008-1,K13,BRD-K98004573-051-03-9,5.3203,5320.3,10.0,10000.0,0.04,40,DMSO,532.03,415.181525554
S-B-REPO1_2025-008-1,K14,BRD-K00003615-001-01-9,4.31548,4315.48,10.0,10000.0,0.04,40,DMSO,431.548,431.187877121
S-B-REPO1_2025-008-1,K15,BRD-K47029922-003-10-9,1.69651,1696.51,10.0,10000.0,0.04,40,DMSO,169.651,133.089149357
S-B-REPO1_2025-008-1,K16,BRD-A96407378-001-17-9,1.581154,1581.154,10.0,10000.0,0.04,40,DMSO,158.1154,158.043990078
S-B-REPO1_2025-008-1,K17,BRD-K94358652-001-03-9,16.206706,16206.706,10.0,10000.0,0.04,40,DMSO,1620.6706,1619.710366489
S-B-REPO1_2025-008-1,K18,BRD-K00259736-001-20-9,3.99437,3994.37,10.0,10000.0,0.04,40,DMSO,399.437,399.168187537
S-B-REPO1_2025-008-1,K19,BRD-K84986517-001-01-8,5.47664,5476.64,10.0,10000.0,0.04,40,DMSO,547.664,547.235221243
S-B-REPO1_2025-008-1,K20,BRD-K07166362-065-03-9,6.79653,6796.53,10.0,10000.0,0.04,40,DMSO,679.653,581.265669747
S-B-REPO1_2025-008-1,K21,BRD-K01825702-004-01-9,3.99299,3992.99,10.0,10000.0,0.04,40,DMSO,399.299,398.09669594
S-B-REPO1_2025-008-1,K22,BRD-K66296774-236-10-5,4.344557,4344.557,10.0,10000.0,0.04,40,DMSO,434.4557,411.18458653
S-B-REPO1_2025-008-1,K23,,,,,,0.0,0,,,
S-B-REPO1_2025-008-1,K24,,,,,,0.04,40,DMSO,,
S-B-REPO1_2025-008-1,L01,,,,,,0.0,0,,,
S-B-REPO1_2025-008-1,L02,,,,,,0.04,40,DMSO,,
S-B-REPO1_2025-008-1,L03,BRD-K84937637-001-13-1,9.141719,9141.719,10.0,10000.0,0.04,40,DMSO,914.1719,913.555141619
S-B-REPO1_2025-008-1,L04,BRD-K33809398-001-02-6,1.79194,1791.94,10.0,10000.0,0.04,40,DMSO,179.194,179.025228471
S-B-REPO1_2025-008-1,L05,BRD-K89337853-001-03-9,3.221483,3221.483,10.0,10000.0,0.04,40,DMSO,322.1483,322.011973772
S-B-REPO1_2025-008-1,L06,BRD-K54339150-001-01-8,2.783483,2783.483,10.0,10000.0,0.04,40,DMSO,278.3483,278.141913208
S-B-REPO1_2025-008-1,L07,BRD-K40902647-001-10-9,3.544427,3544.427,10.0,10000.0,0.04,40,DMSO,354.4427,354.194342708
S-B-REPO1_2025-008-1,L08,BRD-K68091065-001-05-9,2.7009,2700.9,10.0,10000.0,0.04,40,DMSO,270.09,268.931633757
S-B-REPO1_2025-008-1,L09,BRD-K01825680-236-01-9,6.86063,6860.63,10.0,10000.0,0.04,40,DMSO,686.063,684.841939631
S-B-REPO1_2025-008-1,L10,BRD-M75061779-001-01-2,3.435444,3435.444,10.0,10000.0,0.04,40,DMSO,343.5444,343.308644183
S-B-REPO1_2025-008-1,L11,BRD-K67043667-001-30-9,2.102794,2102.794,10.0,10000.0,0.04,40,DMSO,210.2794,210.159294606
S-B-REPO1_2025-008-1,L12,BRD-K38203080-001-01-2,2.343803,2343.803,10.0,10000.0,0.04,40,DMSO,234.3803,234.209598842
S-B-REPO1_2025-008-1,L13,BRD-K76204040-001-03-8,1.67162,1671.62,10.0,10000.0,0.04,40,DMSO,167.162,167.058243159
S-B-REPO1_2025-008-1,L14,BRD-K32786395-001-01-2,1.978414,1978.414,10.0,10000.0,0.04,40,DMSO,197.8414,197.8279367
S-B-REPO1_2025-008-1,L15,BRD-K84466663-001-08-9,2.972673,2972.673,10.0,10000.0,0.04,40,DMSO,297.2673,297.107318615
S-B-REPO1_2025-008-1,L16,BRD-K00003551-050-01-9,2.85768,2857.68,10.0,10000.0,0.04,40,DMSO,285.768,285.092041846
S-B-REPO1_2025-008-1,L17,BRD-A60294240-001-04-9,4.785767,4785.767,10.0,10000.0,0.04,40,DMSO,478.5767,478.23553882
S-B-REPO1_2025-008-1,L18,BRD-K83335125-001-08-9,1.79603,1796.03,10.0,10000.0,0.04,40,DMSO,179.603,179.013791526
S-B-REPO1_2025-008-1,L19,BRD-K41051431-001-03-9,3.25426,3254.26,10.0,10000.0,0.04,40,DMSO,325.426,325.146012307
S-B-REPO1_2025-008-1,L20,BRD-K18637542-001-01-7,0.900779,900.779,10.0,10000.0,0.04,40,DMSO,90.0779,90.031694058
S-B-REPO1_2025-008-1,L21,BRD-A64610707-001-07-9,2.552686,2552.686,10.0,10000.0,0.04,40,DMSO,255.2686,255.089543287
S-B-REPO1_2025-008-1,L22,BRD-K35941380-050-28-9,3.53458,3534.58,10.0,10000.0,0.04,40,DMSO,353.458,353.210327123
S-B-REPO1_2025-008-1,L23,,,,,,0.0,0,,,
S-B-REPO1_2025-008-1,L24,,,,,,0.04,40,DMSO,,
S-B-REPO1_2025-008-1,M01,,,,,,0.0,0,,,
S-B-REPO1_2025-008-1,M02,,,,,,0.04,40,DMSO,,
S-B-REPO1_2025-008-1,M03,BRD-K02265150-001-30-9,3.13781,3137.81,10.0,10000.0,0.04,40,DMSO,313.781,313.098189856
S-B-REPO1_2025-008-1,M04,BRD-A33711280-003-03-1,3.45929,3459.29,10.0,10000.0,0.04,40,DMSO,345.929,309.155120431
S-B-REPO1_2025-008-1,M05,BRD-A33352494-316-01-6,19.890878,19890.877824,9.999984,9999.983824,0.04,40,DMSO,1989.091,1790.564106447
S-B-REPO1_2025-008-1,M06,BRD-K73425385-001-05-9,4.835139,4835.139,10.0,10000.0,0.04,40,DMSO,483.5139,483.254042429
S-B-REPO1_2025-008-1,M07,BRD-K82240271-001-01-8,8.120037,8120.037,10.0,10000.0,0.04,40,DMSO,812.0037,811.473143325
S-B-REPO1_2025-008-1,M08,BRD-K01109406-001-05-9,3.292281,3292.281,10.0,10000.0,0.04,40,DMSO,329.2281,329.05110705
S-B-REPO1_2025-008-1,M09,BRD-K08547377-003-07-3,6.23139,6231.39,10.0,10000.0,0.04,40,DMSO,623.139,586.279134968
S-B-REPO1_2025-008-1,M10,BRD-K93034159-001-31-9,2.85687,2856.87,10.0,10000.0,0.04,40,DMSO,285.687,285.062866982
S-B-REPO1_2025-008-1,M11,BRD-K69236721-001-02-7,4.524069,4524.069,10.0,10000.0,0.04,40,DMSO,452.4069,452.118378106
S-B-REPO1_2025-008-1,M12,BRD-K29626940-001-03-9,3.194002,3194.002,10.0,10000.0,0.04,40,DMSO,319.4002,319.168462309
S-B-REPO1_2025-008-1,M13,BRD-A71407503-001-03-9,2.85276,2852.76,10.0,10000.0,0.04,40,DMSO,285.276,285.041941167
S-B-REPO1_2025-008-1,M14,BRD-A09467419-003-23-9,4.295491,4295.491,10.0,10000.0,0.04,40,DMSO,429.5491,429.251523235
S-B-REPO1_2025-008-1,M15,BRD-K40645748-003-17-9,4.14773,4147.73,10.0,10000.0,0.04,40,DMSO,414.773,378.116682374
S-B-REPO1_2025-008-1,M16,BRD-K03165895-001-02-9,3.84489,3844.89,10.0,10000.0,0.04,40,DMSO,384.489,384.139529946
S-B-REPO1_2025-008-1,M17,BRD-K50329370-001-09-0,1.562652,1562.652,10.0,10000.0,0.04,40,DMSO,156.2652,156.151415262
S-B-REPO1_2025-008-1,M18,BRD-A76661185-001-03-9,6.9583,6958.3,10.0,10000.0,0.04,40,DMSO,695.83,695.197808089
S-B-REPO1_2025-008-1,M19,BRD-K68538666-001-14-9,3.54185,3541.85,10.0,10000.0,0.04,40,DMSO,354.185,353.022163323
S-B-REPO1_2025-008-1,M20,BRD-A36010170-001-05-9,5.025717,5025.717,10.0,10000.0,0.04,40,DMSO,502.5717,502.236681679
S-B-REPO1_2025-008-1,M21,BRD-M22581557-003-02-5,1.8608,1860.8,10.0,10000.0,0.04,40,DMSO,186.08,149.060741718
S-B-REPO1_2025-008-1,M22,BRD-K37289225-001-42-9,3.26823,3268.23,10.0,10000.0,0.04,40,DMSO,326.823,326.129824335
S-B-REPO1_2025-008-1,M23,,,,,,0.0,0,,,
S-B-REPO1_2025-008-1,M24,,,,,,0.04,40,DMSO,,
S-B-REPO1_2025-008-1,N01,,,,,,0.0,0,,,
S-B-REPO1_2025-008-1,N02,,,,,,0.04,40,DMSO,,
S-B-REPO1_2025-008-1,N03,BRD-K28667793-001-32-9,1.231127,1231.127,10.0,10000.0,0.04,40,DMSO,123.1127,123.043261797
S-B-REPO1_2025-008-1,N04,BRD-A57133233-003-12-9,3.00826,3008.26,10.0,10000.0,0.04,40,DMSO,300.826,300.139326389
S-B-REPO1_2025-008-1,N05,BRD-K01826021-326-01-9,7.69815,7698.15,10.0,10000.0,0.04,40,DMSO,769.815,769.202736417
S-B-REPO1_2025-008-1,N06,BRD-A39172021-001-14-5,4.47462,4474.62,10.0,10000.0,0.04,40,DMSO,447.462,447.110020731
S-B-REPO1_2025-008-1,N07,BRD-K82181219-300-05-9,4.41393,4413.93,10.0,10000.0,0.04,40,DMSO,441.393,368.086448518
S-B-REPO1_2025-008-1,N08,BRD-K18323388-001-02-9,3.703114,3703.114,10.0,10000.0,0.04,40,DMSO,370.3114,370.101230184
S-B-REPO1_2025-008-1,N09,BRD-K09951645-001-08-4,5.19562,5195.62,10.0,10000.0,0.04,40,DMSO,519.562,519.101050904
S-B-REPO1_2025-008-1,N10,BRD-K18749874-003-09-9,2.47675,2476.75,10.0,10000.0,0.04,40,DMSO,247.675,211.084457909
S-B-REPO1_2025-008-1,N11,BRD-K72029282-001-23-8,5.16842,5168.42,10.0,10000.0,0.04,40,DMSO,516.842,516.30957216
S-B-REPO1_2025-008-1,N12,BRD-A34788695-003-08-6,4.80896,4808.96,10.0,10000.0,0.04,40,DMSO,480.896,444.153265754
S-B-REPO1_2025-008-1,N13,BRD-K65978409-001-01-9,3.940914,3940.914,10.0,10000.0,0.04,40,DMSO,394.0914,393.988996133
S-B-REPO1_2025-008-1,N14,BRD-A56675431-001-13-9,3.83895,3838.95,10.0,10000.0,0.04,40,DMSO,383.895,382.983495728
S-B-REPO1_2025-008-1,N15,BRD-A90695733-001-07-4,6.106994,6106.994,10.0,10000.0,0.04,40,DMSO,610.6994,610.279134968
S-B-REPO1_2025-008-1,N16,BRD-K28761384-300-01-0,4.73887,4738.87,10.0,10000.0,0.04,40,DMSO,473.887,400.137611829
S-B-REPO1_2025-008-1,N17,BRD-K78364995-236-19-1,4.78455,4784.55,10.0,10000.0,0.04,40,DMSO,478.455,455.056939303
S-B-REPO1_2025-008-1,N18,BRD-K01827265-004-09-9,4.33359,4333.59,10.0,10000.0,0.04,40,DMSO,433.359,432.117431382
S-B-REPO1_2025-008-1,N19,BRD-K68346641-001-13-9,3.93459,3934.59,10.0,10000.0,0.04,40,DMSO,393.459,393.114712179
S-B-REPO1_2025-008-1,N20,BRD-K08033334-003-04-3,4.42998,4429.98,10.0,10000.0,0.04,40,DMSO,442.998,406.21375752
S-B-REPO1_2025-008-1,N21,BRD-K00026984-001-03-9,5.294525,5294.525,10.0,10000.0,0.04,40,DMSO,529.4525,529.162544258
S-B-REPO1_2025-008-1,N22,BRD-K09602097-001-24-9,4.105012,4105.012,10.0,10000.0,0.04,40,DMSO,410.5012,410.230453442
S-B-REPO1_2025-008-1,N23,,,,,,0.0,0,,,
S-B-REPO1_2025-008-1,N24,,,,,,0.04,40,DMSO,,
S-B-REPO1_2025-008-1,O01,,,,,,0.0,0,,,
S-B-REPO1_2025-008-1,O02,,,,,,0.04,40,DMSO,,
S-B-REPO1_2025-008-1,O03,BRD-K47264279-001-09-9,1.861635,1861.635,10.0,10000.0,0.04,40,DMSO,186.1635,186.031694058
S-B-REPO1_2025-008-1,O04,BRD-K45125084-001-01-4,2.72322,2723.22,10.0,10000.0,0.04,40,DMSO,272.322,272.061948328
S-B-REPO1_2025-008-1,O05,BRD-K72915123-001-19-9,2.49264,2492.64,10.0,10000.0,0.04,40,DMSO,249.264,249.078978601
S-B-REPO1_2025-008-1,O06,BRD-K85333151-001-14-9,2.453202,2453.202,10.0,10000.0,0.04,40,DMSO,245.3202,245.152812245
S-B-REPO1_2025-008-1,O07,BRD-K48247567-001-01-9,6.139136,6139.136,10.0,10000.0,0.04,40,DMSO,613.9136,613.769637046
S-B-REPO1_2025-008-1,O08,BRD-K01825666-001-03-9,2.893694,2893.694,10.0,10000.0,0.04,40,DMSO,289.3694,289.167793607
S-B-REPO1_2025-008-1,O09,BRD-K21450440-001-15-3,4.31937,4319.37,10.0,10000.0,0.04,40,DMSO,431.937,430.983495728
S-B-REPO1_2025-008-1,O10,BRD-K66206289-003-24-9,3.73916,3739.16,10.0,10000.0,0.04,40,DMSO,373.916,337.204179113
S-B-REPO1_2025-008-1,O11,BRD-K00003616-001-01-9,4.155656,4155.656,10.0,10000.0,0.04,40,DMSO,415.5656,415.272258677
S-B-REPO1_2025-008-1,O12,BRD-A06352418-001-25-9,4.716734,4716.734,10.0,10000.0,0.04,40,DMSO,471.6734,471.313729561
S-B-REPO1_2025-008-1,O13,BRD-K00003591-001-01-9,10.58039,10580.39,10.0,10000.0,0.04,40,DMSO,1058.039,1056.425220978
S-B-REPO1_2025-008-1,O14,BRD-K53814070-310-02-9,3.95877,3958.77,10.0,10000.0,0.04,40,DMSO,395.877,323.11037573
S-B-REPO1_2025-008-1,O15,BRD-K45664306-001-21-9,4.024807,4024.807,10.0,10000.0,0.04,40,DMSO,402.4807,402.204238692
S-B-REPO1_2025-008-1,O16,BRD-A49447682-001-02-4,3.764617,3764.617,10.0,10000.0,0.04,40,DMSO,376.4617,376.204987621
S-B-REPO1_2025-008-1,O17,BRD-A99117172-065-04-0,4.3395,4339.5,10.0,10000.0,0.04,40,DMSO,433.95,335.176440176
S-B-REPO1_2025-008-1,O18,BRD-K76867903-001-04-9,0.720627,720.627,10.0,10000.0,0.04,40,DMSO,72.0627,72.021129372
S-B-REPO1_2025-008-1,O19,BRD-K34568562-300-05-9,4.83471,4834.71,10.0,10000.0,0.04,40,DMSO,483.471,410.256942964
S-B-REPO1_2025-008-1,O20,BRD-K01666924-319-01-9,17.31845,17318.45,10.0,10000.0,0.04,40,DMSO,1731.845,1610.596600338
S-B-REPO1_2025-008-1,O21,BRD-K51807679-001-06-8,2.262274,2262.274,10.0,10000.0,0.04,40,DMSO,226.2274,226.062994186
S-B-REPO1_2025-008-1,O22,BRD-K30374899-001-10-9,1.821718,1821.718,10.0,10000.0,0.04,40,DMSO,182.1718,182.07903818
S-B-REPO1_2025-008-1,O23,,,,,,0.0,0,,,
S-B-REPO1_2025-008-1,O24,,,,,,0.04,40,DMSO,,
S-B-REPO1_2025-008-1,P01,,,,,,0.0,0,,,
S-B-REPO1_2025-008-1,P02,,,,,,0.04,40,DMSO,,
S-B-REPO1_2025-008-1,P03,BRD-K15010214-001-04-9,3.02422,3024.22,10.0,10000.0,0.04,40,DMSO,302.422,302.210661473
S-B-REPO1_2025-008-1,P04,BRD-A75850590-003-09-8,3.87809,3878.09,10.0,10000.0,0.04,40,DMSO,387.809,351.139447899
S-B-REPO1_2025-008-1,P05,BRD-K96253961-001-06-9,1.67208,1672.08,10.0,10000.0,0.04,40,DMSO,167.208,167.094628663
S-B-REPO1_2025-008-1,P06,BRD-A04447196-001-01-8,1.512056,1512.056,10.0,10000.0,0.04,40,DMSO,151.2056,151.099714043
S-B-REPO1_2025-008-1,P07,BRD-K99308954-304-07-9,1.47981,1479.81,10.0,10000.0,0.04,40,DMSO,147.981,99.972559085
S-B-REPO1_2025-008-1,P08,BRD-K90947825-001-07-9,3.69239,3692.39,10.0,10000.0,0.04,40,DMSO,369.239,369.028831267
S-B-REPO1_2025-008-1,P09,BRD-K17641316-001-04-8,4.175384,4175.384,10.0,10000.0,0.04,40,DMSO,417.5384,417.251523235
S-B-REPO1_2025-008-1,P10,BRD-K55044200-236-19-9,3.89402,3894.02,10.0,10000.0,0.04,40,DMSO,389.402,365.104541423
S-B-REPO1_2025-008-1,P11,BRD-K83245588-001-03-9,2.72392,2723.92,10.0,10000.0,0.04,40,DMSO,272.392,272.188863401
S-B-REPO1_2025-008-1,P12,BRD-K97799481-001-28-9,1.80164,1801.64,10.0,10000.0,0.04,40,DMSO,180.164,180.06472552
S-B-REPO1_2025-008-1,P13,BRD-K39120595-001-06-9,3.56052,3560.52,10.0,10000.0,0.04,40,DMSO,356.052,353.884260954
S-B-REPO1_2025-008-1,P14,BRD-K48470486-236-11-6,4.94524,4945.24,10.0,10000.0,0.04,40,DMSO,494.524,471.045328759
S-B-REPO1_2025-008-1,P15,BRD-K00003161-015-01-9,12.994762,12994.762,10.0,10000.0,0.04,40,DMSO,1299.4762,1238.656026918
S-B-REPO1_2025-008-1,P16,BRD-K16077845-001-08-9,3.29801,3298.01,10.0,10000.0,0.04,40,DMSO,329.801,329.02772703
S-B-REPO1_2025-008-1,P17,BRD-A94523291-304-02-7,4.864035,4864.035,10.0,10000.0,0.04,40,DMSO,486.4035,440.160004416
S-B-REPO1_2025-008-1,P18,BRD-A15397381-001-04-9,2.403,2403.0,10.0,10000.0,0.04,40,DMSO,240.3,240.023848262
S-B-REPO1_2025-008-1,P19,BRD-K49668410-001-16-2,7.479534,7479.534,10.0,10000.0,0.04,40,DMSO,747.9534,747.476891299
S-B-REPO1_2025-008-1,P20,BRD-K68804560-066-03-9,4.03535,4035.35,10.0,10000.0,0.04,40,DMSO,403.535,307.193614427
S-B-REPO1_2025-008-1,P21,BRD-K82846253-001-20-9,4.525857,4525.857,10.0,10000.0,0.04,40,DMSO,452.5857,452.26750765
S-B-REPO1_2025-008-1,P22,BRD-K24871708-002-06-9,4.07441,4074.41,10.0,10000.0,0.04,40,DMSO,407.441,389.104541423
S-B-REPO1_2025-008-1,P23,,,,,,0.0,0,,,
S-B-REPO1_2025-008-1,P24,,,,,,0.04,40,DMSO,,
